0.0000000,0.0000000,0.0000000,0.0000000,0.0000000,0.0000000,0.0000000,0.9998773,0.0001227,0.0000000,0.0000000,0.0000000,0.0000000,0.0000000,0.0000000,0.0000000,0.0000000,0.0000000,0.0000000,0.0000000,0.0000000
0.0000000,0.0000000,0.0000000,0.0000000,0.0000000,0.0000000,0.0000102,0.9999898,0.0000000,0.0000000,0.0000000,0.0000000,0.0000000,0.0000000,0.0000000,0.0000000,0.0000000,0.0000000,0.0000000,0.0000000,0.0000000
0.0000000,0.0000000,0.0000000,0.0000000,0.0000000,0.0000000,0.0000000,0.9994861,0.0005139,0.0000000,0.0000000,0.0000000,0.0000000,0.0000000,0.0000000,0.0000000,0.0000000,0.0000000,0.0000000,0.0000000,0.0000000
0.0000000,0.0000000,0.0000000,0.0000000,0.0000000,0.0000000,0.0000024,0.9999975,0.0000001,0.0000000,0.0000000,0.0000000,0.0000000,0.0000000,0.0000000,0.0000000,0.0000000,0.0000000,0.0000000,0.0000000,0.0000000
0.0000000,0.0000000,0.0000000,0.0000000,0.0000000,0.0000000,0.0000000,0.9999941,0.0000058,0.0000000,0.0000000,0.0000000,0.0000000,0.0000000,0.0000000,0.0000000,0.0000000,0.0000000,0.0000000,0.0000000,0.0000000
0.0000000,0.0000000,0.0000000,0.0000000,0.0000000,0.0000000,0.0000001,0.9999978,0.0000021,0.0000000,0.0000000,0.0000000,0.0000000,0.0000000,0.0000000,0.0000000,0.0000000,0.0000000,0.0000000,0.0000000,0.0000000
0.0000000,0.0000000,0.0000000,0.0000000,0.0000000,0.0000000,0.0000000,0.9999936,0.0000063,0.0000000,0.0000000,0.0000000,0.0000000,0.0000000,0.0000000,0.0000000,0.0000000,0.0000000,0.0000000,0.0000000,0.0000000
0.0000000,0.0000000,0.0000000,0.0000000,0.0000000,0.0000000,0.0000000,0.9991691,0.0008309,0.0000000,0.0000000,0.0000000,0.0000000,0.0000000,0.0000000,0.0000000,0.0000000,0.0000000,0.0000000,0.0000000,0.0000000
0.0000000,0.0000000,0.0000000,0.0000000,0.0000000,0.0000000,0.0000333,0.9999667,0.0000000,0.0000000,0.0000000,0.0000000,0.0000000,0.0000000,0.0000000,0.0000000,0.0000000,0.0000000,0.0000000,0.0000000,0.0000000
0.0000000,0.0000000,0.0000000,0.0000000,0.0000000,0.0000000,0.0000001,0.9999973,0.0000026,0.0000000,0.0000000,0.0000000,0.0000000,0.0000000,0.0000000,0.0000000,0.0000000,0.0000000,0.0000000,0.0000000,0.0000000
0.0000000,0.0000000,0.0000000,0.0000000,0.0000000,0.0000000,0.0000994,0.9999006,0.0000000,0.0000000,0.0000000,0.0000000,0.0000000,0.0000000,0.0000000,0.0000000,0.0000000,0.0000000,0.0000000,0.0000000,0.0000000
0.0000000,0.0000000,0.0000000,0.0000000,0.0000000,0.0000000,0.0000000,0.9999832,0.0000168,0.0000000,0.0000000,0.0000000,0.0000000,0.0000000,0.0000000,0.0000000,0.0000000,0.0000000,0.0000000,0.0000000,0.0000000
0.0000000,0.0000000,0.0000000,0.0000000,0.0000000,0.0000000,0.0000003,0.9999989,0.0000008,0.0000000,0.0000000,0.0000000,0.0000000,0.0000000,0.0000000,0.0000000,0.0000000,0.0000000,0.0000000,0.0000000,0.0000000
0.0000000,0.0000000,0.0000000,0.0000000,0.0000000,0.0000000,0.0000000,0.9999634,0.0000366,0.0000000,0.0000000,0.0000000,0.0000000,0.0000000,0.0000000,0.0000000,0.0000000,0.0000000,0.0000000,0.0000000,0.0000000
0.0000000,0.0000000,0.0000000,0.0000000,0.0000000,0.0000000,0.0000000,0.9996365,0.0003635,0.0000000,0.0000000,0.0000000,0.0000000,0.0000000,0.0000000,0.0000000,0.0000000,0.0000000,0.0000000,0.0000000,0.0000000
0.0000000,0.0000000,0.0000000,0.0000000,0.0000000,0.0000000,0.0001245,0.9998755,0.0000000,0.0000000,0.0000000,0.0000000,0.0000000,0.0000000,0.0000000,0.0000000,0.0000000,0.0000000,0.0000000,0.0000000,0.0000000
0.0000000,0.0000000,0.0000000,0.0000000,0.0000000,0.0000000,0.0000000,0.9999948,0.0000052,0.0000000,0.0000000,0.0000000,0.0000000,0.0000000,0.0000000,0.0000000,0.0000000,0.0000000,0.0000000,0.0000000,0.0000000
0.0000000,0.0000000,0.0000000,0.0000000,0.0000000,0.0000000,0.0000005,0.9999990,0.0000005,0.0000000,0.0000000,0.0000000,0.0000000,0.0000000,0.0000000,0.0000000,0.0000000,0.0000000,0.0000000,0.0000000,0.0000000
0.0000000,0.0000000,0.0000000,0.0000000,0.0000000,0.0000000,0.0000000,0.9999936,0.0000064,0.0000000,0.0000000,0.0000000,0.0000000,0.0000000,0.0000000,0.0000000,0.0000000,0.0000000,0.0000000,0.0000000,0.0000000
0.0000000,0.0000000,0.0000000,0.0000000,0.0000000,0.0000000,0.0000000,0.9997871,0.0002129,0.0000000,0.0000000,0.0000000,0.0000000,0.0000000,0.0000000,0.0000000,0.0000000,0.0000000,0.0000000,0.0000000,0.0000000
0.0000000,0.0000000,0.0000000,0.0000000,0.0000000,0.0000000,0.0000000,0.9999934,0.0000066,0.0000000,0.0000000,0.0000000,0.0000000,0.0000000,0.0000000,0.0000000,0.0000000,0.0000000,0.0000000,0.0000000,0.0000000
0.0000000,0.0000000,0.0000000,0.0000000,0.0000000,0.0000000,0.0000386,0.9999614,0.0000000,0.0000000,0.0000000,0.0000000,0.0000000,0.0000000,0.0000000,0.0000000,0.0000000,0.0000000,0.0000000,0.0000000,0.0000000
0.0000000,0.0000000,0.0000000,0.0000000,0.0000000,0.0000000,0.0000000,0.9995319,0.0004681,0.0000000,0.0000000,0.0000000,0.0000000,0.0000000,0.0000000,0.0000000,0.0000000,0.0000000,0.0000000,0.0000000,0.0000000
0.0000000,0.0000000,0.0000000,0.0000000,0.0000000,0.0000000,0.0000000,0.9995420,0.0004580,0.0000000,0.0000000,0.0000000,0.0000000,0.0000000,0.0000000,0.0000000,0.0000000,0.0000000,0.0000000,0.0000000,0.0000000
0.0000000,0.0000000,0.0000000,0.0000000,0.0000000,0.0000000,0.0000000,0.9999955,0.0000044,0.0000000,0.0000000,0.0000000,0.0000000,0.0000000,0.0000000,0.0000000,0.0000000,0.0000000,0.0000000,0.0000000,0.0000000
0.0000000,0.0000000,0.0000000,0.0000000,0.0000000,0.0000000,0.0000164,0.9999836,0.0000000,0.0000000,0.0000000,0.0000000,0.0000000,0.0000000,0.0000000,0.0000000,0.0000000,0.0000000,0.0000000,0.0000000,0.0000000
0.0000000,0.0000000,0.0000000,0.0000000,0.0000000,0.0000000,0.0000121,0.9999879,0.0000000,0.0000000,0.0000000,0.0000000,0.0000000,0.0000000,0.0000000,0.0000000,0.0000000,0.0000000,0.0000000,0.0000000,0.0000000
0.0000000,0.0000000,0.0000000,0.0000000,0.0000000,0.0000000,0.0000062,0.9999937,0.0000000,0.0000000,0.0000000,0.0000000,0.0000000,0.0000000,0.0000000,0.0000000,0.0000000,0.0000000,0.0000000,0.0000000,0.0000000
0.0000000,0.0000000,0.0000000,0.0000000,0.0000000,0.0000000,0.0000021,0.9999978,0.0000001,0.0000000,0.0000000,0.0000000,0.0000000,0.0000000,0.0000000,0.0000000,0.0000000,0.0000000,0.0000000,0.0000000,0.0000000
0.0000000,0.0000000,0.0000000,0.0000000,0.0000000,0.0000000,0.0000000,0.9999875,0.0000125,0.0000000,0.0000000,0.0000000,0.0000000,0.0000000,0.0000000,0.0000000,0.0000000,0.0000000,0.0000000,0.0000000,0.0000000
0.0000000,0.0000000,0.0000000,0.0000000,0.0000000,0.0000000,0.0002027,0.9997973,0.0000000,0.0000000,0.0000000,0.0000000,0.0000000,0.0000000,0.0000000,0.0000000,0.0000000,0.0000000,0.0000000,0.0000000,0.0000000
0.0000000,0.0000000,0.0000000,0.0000000,0.0000000,0.0000000,0.0000000,0.9978612,0.0021388,0.0000000,0.0000000,0.0000000,0.0000000,0.0000000,0.0000000,0.0000000,0.0000000,0.0000000,0.0000000,0.0000000,0.0000000
0.0000000,0.0000000,0.0000000,0.0000000,0.0000000,0.0000000,0.0000000,0.9964383,0.0035617,0.0000000,0.0000000,0.0000000,0.0000000,0.0000000,0.0000000,0.0000000,0.0000000,0.0000000,0.0000000,0.0000000,0.0000000
0.0000000,0.0000000,0.0000000,0.0000000,0.0000000,0.0000000,0.0000007,0.9999990,0.0000004,0.0000000,0.0000000,0.0000000,0.0000000,0.0000000,0.0000000,0.0000000,0.0000000,0.0000000,0.0000000,0.0000000,0.0000000
0.0000000,0.0000000,0.0000000,0.0000000,0.0000000,0.0000000,0.0000033,0.9999966,0.0000001,0.0000000,0.0000000,0.0000000,0.0000000,0.0000000,0.0000000,0.0000000,0.0000000,0.0000000,0.0000000,0.0000000,0.0000000
0.0000000,0.0000000,0.0000000,0.0000000,0.0000000,0.0000000,0.0054475,0.9945525,0.0000000,0.0000000,0.0000000,0.0000000,0.0000000,0.0000000,0.0000000,0.0000000,0.0000000,0.0000000,0.0000000,0.0000000,0.0000000
0.0000000,0.0000000,0.0000000,0.0000000,0.0000000,0.0000000,0.0000291,0.9999708,0.0000000,0.0000000,0.0000000,0.0000000,0.0000000,0.0000000,0.0000000,0.0000000,0.0000000,0.0000000,0.0000000,0.0000000,0.0000000
0.0000000,0.0000000,0.0000000,0.0000000,0.0000000,0.0000000,0.0000000,0.9996002,0.0003998,0.0000000,0.0000000,0.0000000,0.0000000,0.0000000,0.0000000,0.0000000,0.0000000,0.0000000,0.0000000,0.0000000,0.0000000
0.0000000,0.0000000,0.0000000,0.0000000,0.0000000,0.0000000,0.0000000,0.9997449,0.0002551,0.0000000,0.0000000,0.0000000,0.0000000,0.0000000,0.0000000,0.0000000,0.0000000,0.0000000,0.0000000,0.0000000,0.0000000
0.0000000,0.0000000,0.0000000,0.0000000,0.0000000,0.0000000,0.0000031,0.9999968,0.0000001,0.0000000,0.0000000,0.0000000,0.0000000,0.0000000,0.0000000,0.0000000,0.0000000,0.0000000,0.0000000,0.0000000,0.0000000
0.0000000,0.0000000,0.0000000,0.0000000,0.0000000,0.0000000,0.0000000,0.9999694,0.0000306,0.0000000,0.0000000,0.0000000,0.0000000,0.0000000,0.0000000,0.0000000,0.0000000,0.0000000,0.0000000,0.0000000,0.0000000
0.0000000,0.0000000,0.0000000,0.0000000,0.0000000,0.0000000,0.0000000,0.9908203,0.0091797,0.0000000,0.0000000,0.0000000,0.0000000,0.0000000,0.0000000,0.0000000,0.0000000,0.0000000,0.0000000,0.0000000,0.0000000
0.0000000,0.0000000,0.0000000,0.0000000,0.0000000,0.0000000,0.0000000,0.9999658,0.0000342,0.0000000,0.0000000,0.0000000,0.0000000,0.0000000,0.0000000,0.0000000,0.0000000,0.0000000,0.0000000,0.0000000,0.0000000
0.0000000,0.0000000,0.0000000,0.0000000,0.0000000,0.0000000,0.0000000,0.9993269,0.0006731,0.0000000,0.0000000,0.0000000,0.0000000,0.0000000,0.0000000,0.0000000,0.0000000,0.0000000,0.0000000,0.0000000,0.0000000
0.0000000,0.0000000,0.0000000,0.0000000,0.0000000,0.0000000,0.0000000,0.9999930,0.0000070,0.0000000,0.0000000,0.0000000,0.0000000,0.0000000,0.0000000,0.0000000,0.0000000,0.0000000,0.0000000,0.0000000,0.0000000
0.0000000,0.0000000,0.0000000,0.0000000,0.0000000,0.0000000,0.0000002,0.9999984,0.0000014,0.0000000,0.0000000,0.0000000,0.0000000,0.0000000,0.0000000,0.0000000,0.0000000,0.0000000,0.0000000,0.0000000,0.0000000
0.0000000,0.0000000,0.0000000,0.0000000,0.0000000,0.0000000,0.0000000,0.9998091,0.0001909,0.0000000,0.0000000,0.0000000,0.0000000,0.0000000,0.0000000,0.0000000,0.0000000,0.0000000,0.0000000,0.0000000,0.0000000
0.0000000,0.0000000,0.0000000,0.0000000,0.0000000,0.0000000,0.0000005,0.9999990,0.0000005,0.0000000,0.0000000,0.0000000,0.0000000,0.0000000,0.0000000,0.0000000,0.0000000,0.0000000,0.0000000,0.0000000,0.0000000
0.0000000,0.0000000,0.0000000,0.0000000,0.0000000,0.0000000,0.0000101,0.9999899,0.0000000,0.0000000,0.0000000,0.0000000,0.0000000,0.0000000,0.0000000,0.0000000,0.0000000,0.0000000,0.0000000,0.0000000,0.0000000
0.0000000,0.0000000,0.0000000,0.0000000,0.0000000,0.0000000,0.0000001,0.9999977,0.0000022,0.0000000,0.0000000,0.0000000,0.0000000,0.0000000,0.0000000,0.0000000,0.0000000,0.0000000,0.0000000,0.0000000,0.0000000
0.0000000,0.0000000,0.0000000,0.0000000,0.0000000,0.0000000,0.0000000,0.9999789,0.0000211,0.0000000,0.0000000,0.0000000,0.0000000,0.0000000,0.0000000,0.0000000,0.0000000,0.0000000,0.0000000,0.0000000,0.0000000
0.0000000,0.0000000,0.0000000,0.0000000,0.0000000,0.0000000,0.0000001,0.9999963,0.0000036,0.0000000,0.0000000,0.0000000,0.0000000,0.0000000,0.0000000,0.0000000,0.0000000,0.0000000,0.0000000,0.0000000,0.0000000
0.0000000,0.0000000,0.0000000,0.0000000,0.0000000,0.0000000,0.0000000,0.9999950,0.0000050,0.0000000,0.0000000,0.0000000,0.0000000,0.0000000,0.0000000,0.0000000,0.0000000,0.0000000,0.0000000,0.0000000,0.0000000
0.0000000,0.0000000,0.0000000,0.0000000,0.0000000,0.0000000,0.0000175,0.9999825,0.0000000,0.0000000,0.0000000,0.0000000,0.0000000,0.0000000,0.0000000,0.0000000,0.0000000,0.0000000,0.0000000,0.0000000,0.0000000
0.0000000,0.0000000,0.0000000,0.0000000,0.0000000,0.0000000,0.0179727,0.9820273,0.0000000,0.0000000,0.0000000,0.0000000,0.0000000,0.0000000,0.0000000,0.0000000,0.0000000,0.0000000,0.0000000,0.0000000,0.0000000
0.0000000,0.0000000,0.0000000,0.0000000,0.0000000,0.0000000,0.0000004,0.9999990,0.0000006,0.0000000,0.0000000,0.0000000,0.0000000,0.0000000,0.0000000,0.0000000,0.0000000,0.0000000,0.0000000,0.0000000,0.0000000
0.0000000,0.0000000,0.0000000,0.0000000,0.0000000,0.0000000,0.0000000,0.9989704,0.0010296,0.0000000,0.0000000,0.0000000,0.0000000,0.0000000,0.0000000,0.0000000,0.0000000,0.0000000,0.0000000,0.0000000,0.0000000
0.0000000,0.0000000,0.0000000,0.0000000,0.0000000,0.0000000,0.0000070,0.9999930,0.0000000,0.0000000,0.0000000,0.0000000,0.0000000,0.0000000,0.0000000,0.0000000,0.0000000,0.0000000,0.0000000,0.0000000,0.0000000
0.0000000,0.0000000,0.0000000,0.0000000,0.0000000,0.0000000,0.0000000,0.9999626,0.0000374,0.0000000,0.0000000,0.0000000,0.0000000,0.0000000,0.0000000,0.0000000,0.0000000,0.0000000,0.0000000,0.0000000,0.0000000
0.0000000,0.0000000,0.0000000,0.0000000,0.0000000,0.0000000,0.0006521,0.9993479,0.0000000,0.0000000,0.0000000,0.0000000,0.0000000,0.0000000,0.0000000,0.0000000,0.0000000,0.0000000,0.0000000,0.0000000,0.0000000
0.0000000,0.0000000,0.0000000,0.0000000,0.0000000,0.0000000,0.0000002,0.9999986,0.0000012,0.0000000,0.0000000,0.0000000,0.0000000,0.0000000,0.0000000,0.0000000,0.0000000,0.0000000,0.0000000,0.0000000,0.0000000
0.0000000,0.0000000,0.0000000,0.0000000,0.0000000,0.0000000,0.0000002,0.9999988,0.0000009,0.0000000,0.0000000,0.0000000,0.0000000,0.0000000,0.0000000,0.0000000,0.0000000,0.0000000,0.0000000,0.0000000,0.0000000
0.0000000,0.0000000,0.0000000,0.0000000,0.0000000,0.0000000,0.0000005,0.9999990,0.0000005,0.0000000,0.0000000,0.0000000,0.0000000,0.0000000,0.0000000,0.0000000,0.0000000,0.0000000,0.0000000,0.0000000,0.0000000
0.0000000,0.0000000,0.0000000,0.0000000,0.0000000,0.0000000,0.0000001,0.9999965,0.0000034,0.0000000,0.0000000,0.0000000,0.0000000,0.0000000,0.0000000,0.0000000,0.0000000,0.0000000,0.0000000,0.0000000,0.0000000
0.0000000,0.0000000,0.0000000,0.0000000,0.0000000,0.0000000,0.0000000,0.9994900,0.0005100,0.0000000,0.0000000,0.0000000,0.0000000,0.0000000,0.0000000,0.0000000,0.0000000,0.0000000,0.0000000,0.0000000,0.0000000
0.0000000,0.0000000,0.0000000,0.0000000,0.0000000,0.0000000,0.0031442,0.9968558,0.0000000,0.0000000,0.0000000,0.0000000,0.0000000,0.0000000,0.0000000,0.0000000,0.0000000,0.0000000,0.0000000,0.0000000,0.0000000
0.0000000,0.0000000,0.0000000,0.0000000,0.0000000,0.0000000,0.0001003,0.9998997,0.0000000,0.0000000,0.0000000,0.0000000,0.0000000,0.0000000,0.0000000,0.0000000,0.0000000,0.0000000,0.0000000,0.0000000,0.0000000
0.0000000,0.0000000,0.0000000,0.0000000,0.0000000,0.0000000,0.0000002,0.9999988,0.0000009,0.0000000,0.0000000,0.0000000,0.0000000,0.0000000,0.0000000,0.0000000,0.0000000,0.0000000,0.0000000,0.0000000,0.0000000
0.0000000,0.0000000,0.0000000,0.0000000,0.0000000,0.0000000,0.0007798,0.9992202,0.0000000,0.0000000,0.0000000,0.0000000,0.0000000,0.0000000,0.0000000,0.0000000,0.0000000,0.0000000,0.0000000,0.0000000,0.0000000
0.0000000,0.0000000,0.0000000,0.0000000,0.0000000,0.0000000,0.0000000,0.9998699,0.0001301,0.0000000,0.0000000,0.0000000,0.0000000,0.0000000,0.0000000,0.0000000,0.0000000,0.0000000,0.0000000,0.0000000,0.0000000
0.0000000,0.0000000,0.0000000,0.0000000,0.0000000,0.0000000,0.0000000,0.9999449,0.0000551,0.0000000,0.0000000,0.0000000,0.0000000,0.0000000,0.0000000,0.0000000,0.0000000,0.0000000,0.0000000,0.0000000,0.0000000
0.0000000,0.0000000,0.0000000,0.0000000,0.0000000,0.0000000,0.0000000,0.4569657,0.5430343,0.0000000,0.0000000,0.0000000,0.0000000,0.0000000,0.0000000,0.0000000,0.0000000,0.0000000,0.0000000,0.0000000,0.0000000
0.0000000,0.0000000,0.0000000,0.0000000,0.0000000,0.0000000,0.0006518,0.9993482,0.0000000,0.0000000,0.0000000,0.0000000,0.0000000,0.0000000,0.0000000,0.0000000,0.0000000,0.0000000,0.0000000,0.0000000,0.0000000
0.0000000,0.0000000,0.0000000,0.0000000,0.0000000,0.0000000,0.0000000,0.9999157,0.0000843,0.0000000,0.0000000,0.0000000,0.0000000,0.0000000,0.0000000,0.0000000,0.0000000,0.0000000,0.0000000,0.0000000,0.0000000
0.0000000,0.0000000,0.0000000,0.0000000,0.0000000,0.0000000,0.0000000,0.9998419,0.0001581,0.0000000,0.0000000,0.0000000,0.0000000,0.0000000,0.0000000,0.0000000,0.0000000,0.0000000,0.0000000,0.0000000,0.0000000
0.0000000,0.0000000,0.0000000,0.0000000,0.0000000,0.0000000,0.0000195,0.9999805,0.0000000,0.0000000,0.0000000,0.0000000,0.0000000,0.0000000,0.0000000,0.0000000,0.0000000,0.0000000,0.0000000,0.0000000,0.0000000
0.0000000,0.0000000,0.0000000,0.0000000,0.0000000,0.0000000,0.0002466,0.9997534,0.0000000,0.0000000,0.0000000,0.0000000,0.0000000,0.0000000,0.0000000,0.0000000,0.0000000,0.0000000,0.0000000,0.0000000,0.0000000
0.0000000,0.0000000,0.0000000,0.0000000,0.0000000,0.0000000,0.0295753,0.9704247,0.0000000,0.0000000,0.0000000,0.0000000,0.0000000,0.0000000,0.0000000,0.0000000,0.0000000,0.0000000,0.0000000,0.0000000,0.0000000
0.0000000,0.0000000,0.0000000,0.0000000,0.0000000,0.0000000,0.0000000,0.9999691,0.0000309,0.0000000,0.0000000,0.0000000,0.0000000,0.0000000,0.0000000,0.0000000,0.0000000,0.0000000,0.0000000,0.0000000,0.0000000
0.0000000,0.0000000,0.0000000,0.0000000,0.0000000,0.0000000,0.0000002,0.9999985,0.0000014,0.0000000,0.0000000,0.0000000,0.0000000,0.0000000,0.0000000,0.0000000,0.0000000,0.0000000,0.0000000,0.0000000,0.0000000
0.0000000,0.0000000,0.0000000,0.0000000,0.0000000,0.0000000,0.0000005,0.9999990,0.0000005,0.0000000,0.0000000,0.0000000,0.0000000,0.0000000,0.0000000,0.0000000,0.0000000,0.0000000,0.0000000,0.0000000,0.0000000
0.0000000,0.0000000,0.0000000,0.0000000,0.0000000,0.0000000,0.0002084,0.9997916,0.0000000,0.0000000,0.0000000,0.0000000,0.0000000,0.0000000,0.0000000,0.0000000,0.0000000,0.0000000,0.0000000,0.0000000,0.0000000
0.0000000,0.0000000,0.0000000,0.0000000,0.0000000,0.0000000,0.0000086,0.9999914,0.0000000,0.0000000,0.0000000,0.0000000,0.0000000,0.0000000,0.0000000,0.0000000,0.0000000,0.0000000,0.0000000,0.0000000,0.0000000
0.0000000,0.0000000,0.0000000,0.0000000,0.0000000,0.0000000,0.0002221,0.9997779,0.0000000,0.0000000,0.0000000,0.0000000,0.0000000,0.0000000,0.0000000,0.0000000,0.0000000,0.0000000,0.0000000,0.0000000,0.0000000
0.0000000,0.0000000,0.0000000,0.0000000,0.0000000,0.0000000,0.0004161,0.9995839,0.0000000,0.0000000,0.0000000,0.0000000,0.0000000,0.0000000,0.0000000,0.0000000,0.0000000,0.0000000,0.0000000,0.0000000,0.0000000
0.0000000,0.0000000,0.0000000,0.0000000,0.0000000,0.0000000,0.0000006,0.9999990,0.0000004,0.0000000,0.0000000,0.0000000,0.0000000,0.0000000,0.0000000,0.0000000,0.0000000,0.0000000,0.0000000,0.0000000,0.0000000
0.0000000,0.0000000,0.0000000,0.0000000,0.0000000,0.0000000,0.0000052,0.9999947,0.0000001,0.0000000,0.0000000,0.0000000,0.0000000,0.0000000,0.0000000,0.0000000,0.0000000,0.0000000,0.0000000,0.0000000,0.0000000
0.0000000,0.0000000,0.0000000,0.0000000,0.0000000,0.0000000,0.0000000,0.9996172,0.0003828,0.0000000,0.0000000,0.0000000,0.0000000,0.0000000,0.0000000,0.0000000,0.0000000,0.0000000,0.0000000,0.0000000,0.0000000
0.0000000,0.0000000,0.0000000,0.0000000,0.0000000,0.0000000,0.0000000,0.9999896,0.0000104,0.0000000,0.0000000,0.0000000,0.0000000,0.0000000,0.0000000,0.0000000,0.0000000,0.0000000,0.0000000,0.0000000,0.0000000
0.0000000,0.0000000,0.0000000,0.0000000,0.0000000,0.0000000,0.0000009,0.9999988,0.0000003,0.0000000,0.0000000,0.0000000,0.0000000,0.0000000,0.0000000,0.0000000,0.0000000,0.0000000,0.0000000,0.0000000,0.0000000
0.0000000,0.0000000,0.0000000,0.0000000,0.0000000,0.0000000,0.0000079,0.9999921,0.0000000,0.0000000,0.0000000,0.0000000,0.0000000,0.0000000,0.0000000,0.0000000,0.0000000,0.0000000,0.0000000,0.0000000,0.0000000
0.0000000,0.0000000,0.0000000,0.0000000,0.0000000,0.0000000,0.0000000,0.9998713,0.0001287,0.0000000,0.0000000,0.0000000,0.0000000,0.0000000,0.0000000,0.0000000,0.0000000,0.0000000,0.0000000,0.0000000,0.0000000
0.0000000,0.0000000,0.0000000,0.0000000,0.0000000,0.0000000,0.0000533,0.9999467,0.0000000,0.0000000,0.0000000,0.0000000,0.0000000,0.0000000,0.0000000,0.0000000,0.0000000,0.0000000,0.0000000,0.0000000,0.0000000
0.0000000,0.0000000,0.0000000,0.0000000,0.0000000,0.0000000,0.0000416,0.9999584,0.0000000,0.0000000,0.0000000,0.0000000,0.0000000,0.0000000,0.0000000,0.0000000,0.0000000,0.0000000,0.0000000,0.0000000,0.0000000
0.0000000,0.0000000,0.0000000,0.0000000,0.0000000,0.0000000,0.0001410,0.9998590,0.0000000,0.0000000,0.0000000,0.0000000,0.0000000,0.0000000,0.0000000,0.0000000,0.0000000,0.0000000,0.0000000,0.0000000,0.0000000
0.0000000,0.0000000,0.0000000,0.0000000,0.0000000,0.0000000,0.0000398,0.9999601,0.0000000,0.0000000,0.0000000,0.0000000,0.0000000,0.0000000,0.0000000,0.0000000,0.0000000,0.0000000,0.0000000,0.0000000,0.0000000
0.0000000,0.0000000,0.0000000,0.0000000,0.0000000,0.0000000,0.0000001,0.9999961,0.0000039,0.0000000,0.0000000,0.0000000,0.0000000,0.0000000,0.0000000,0.0000000,0.0000000,0.0000000,0.0000000,0.0000000,0.0000000
0.0000000,0.0000000,0.0000000,0.0000000,0.0000000,0.0000000,0.0000000,0.9999924,0.0000075,0.0000000,0.0000000,0.0000000,0.0000000,0.0000000,0.0000000,0.0000000,0.0000000,0.0000000,0.0000000,0.0000000,0.0000000
0.0000000,0.0000000,0.0000000,0.0000000,0.0000000,0.0000000,0.0000000,0.9999609,0.0000391,0.0000000,0.0000000,0.0000000,0.0000000,0.0000000,0.0000000,0.0000000,0.0000000,0.0000000,0.0000000,0.0000000,0.0000000
0.0000000,0.0000000,0.0000000,0.0000000,0.0000000,0.0000000,0.0000008,0.9999989,0.0000003,0.0000000,0.0000000,0.0000000,0.0000000,0.0000000,0.0000000,0.0000000,0.0000000,0.0000000,0.0000000,0.0000000,0.0000000
0.0000000,0.0000000,0.0000000,0.0000000,0.0000000,0.0000000,0.0000000,0.9965952,0.0034048,0.0000000,0.0000000,0.0000000,0.0000000,0.0000000,0.0000000,0.0000000,0.0000000,0.0000000,0.0000000,0.0000000,0.0000000
0.0000000,0.0000000,0.0000000,0.0000000,0.0000000,0.0000000,0.0000311,0.9999689,0.0000000,0.0000000,0.0000000,0.0000000,0.0000000,0.0000000,0.0000000,0.0000000,0.0000000,0.0000000,0.0000000,0.0000000,0.0000000
0.0000000,0.0000000,0.0000000,0.0000000,0.0000000,0.0000000,0.0000000,0.9999908,0.0000091,0.0000000,0.0000000,0.0000000,0.0000000,0.0000000,0.0000000,0.0000000,0.0000000,0.0000000,0.0000000,0.0000000,0.0000000
0.0000000,0.0000000,0.0000000,0.0000000,0.0000000,0.0000000,0.0000000,0.9999409,0.0000591,0.0000000,0.0000000,0.0000000,0.0000000,0.0000000,0.0000000,0.0000000,0.0000000,0.0000000,0.0000000,0.0000000,0.0000000
0.0000000,0.0000000,0.0000000,0.0000000,0.0000000,0.0000000,0.0043500,0.9956500,0.0000000,0.0000000,0.0000000,0.0000000,0.0000000,0.0000000,0.0000000,0.0000000,0.0000000,0.0000000,0.0000000,0.0000000,0.0000000
0.0000000,0.0000000,0.0000000,0.0000000,0.0000000,0.0000000,0.0000000,0.9968462,0.0031538,0.0000000,0.0000000,0.0000000,0.0000000,0.0000000,0.0000000,0.0000000,0.0000000,0.0000000,0.0000000,0.0000000,0.0000000
0.0000000,0.0000000,0.0000000,0.0000000,0.0000000,0.0000000,0.0000343,0.9999657,0.0000000,0.0000000,0.0000000,0.0000000,0.0000000,0.0000000,0.0000000,0.0000000,0.0000000,0.0000000,0.0000000,0.0000000,0.0000000
0.0000000,0.0000000,0.0000000,0.0000000,0.0000000,0.0000000,0.0000001,0.9999967,0.0000032,0.0000000,0.0000000,0.0000000,0.0000000,0.0000000,0.0000000,0.0000000,0.0000000,0.0000000,0.0000000,0.0000000,0.0000000
0.0000000,0.0000000,0.0000000,0.0000000,0.0000000,0.0000000,0.0000001,0.9999966,0.0000033,0.0000000,0.0000000,0.0000000,0.0000000,0.0000000,0.0000000,0.0000000,0.0000000,0.0000000,0.0000000,0.0000000,0.0000000
0.0000000,0.0000000,0.0000000,0.0000000,0.0000000,0.0000000,0.0000508,0.9999492,0.0000000,0.0000000,0.0000000,0.0000000,0.0000000,0.0000000,0.0000000,0.0000000,0.0000000,0.0000000,0.0000000,0.0000000,0.0000000
0.0000000,0.0000000,0.0000000,0.0000000,0.0000000,0.0000000,0.0000000,0.9999840,0.0000160,0.0000000,0.0000000,0.0000000,0.0000000,0.0000000,0.0000000,0.0000000,0.0000000,0.0000000,0.0000000,0.0000000,0.0000000
0.0000000,0.0000000,0.0000000,0.0000000,0.0000000,0.0000000,0.0000001,0.9999965,0.0000034,0.0000000,0.0000000,0.0000000,0.0000000,0.0000000,0.0000000,0.0000000,0.0000000,0.0000000,0.0000000,0.0000000,0.0000000
0.0000000,0.0000000,0.0000000,0.0000000,0.0000000,0.0000000,0.0000000,0.9999285,0.0000715,0.0000000,0.0000000,0.0000000,0.0000000,0.0000000,0.0000000,0.0000000,0.0000000,0.0000000,0.0000000,0.0000000,0.0000000
0.0000000,0.0000000,0.0000000,0.0000000,0.0000000,0.0000000,0.0000000,0.9992252,0.0007748,0.0000000,0.0000000,0.0000000,0.0000000,0.0000000,0.0000000,0.0000000,0.0000000,0.0000000,0.0000000,0.0000000,0.0000000
0.0000000,0.0000000,0.0000000,0.0000000,0.0000000,0.0000000,0.0000000,0.9996829,0.0003171,0.0000000,0.0000000,0.0000000,0.0000000,0.0000000,0.0000000,0.0000000,0.0000000,0.0000000,0.0000000,0.0000000,0.0000000
0.0000000,0.0000000,0.0000000,0.0000000,0.0000000,0.0000000,0.0115858,0.9884142,0.0000000,0.0000000,0.0000000,0.0000000,0.0000000,0.0000000,0.0000000,0.0000000,0.0000000,0.0000000,0.0000000,0.0000000,0.0000000
0.0000000,0.0000000,0.0000000,0.0000000,0.0000000,0.0000000,0.0000000,0.9998772,0.0001228,0.0000000,0.0000000,0.0000000,0.0000000,0.0000000,0.0000000,0.0000000,0.0000000,0.0000000,0.0000000,0.0000000,0.0000000
0.0000000,0.0000000,0.0000000,0.0000000,0.0000000,0.0000000,0.0000004,0.9999990,0.0000006,0.0000000,0.0000000,0.0000000,0.0000000,0.0000000,0.0000000,0.0000000,0.0000000,0.0000000,0.0000000,0.0000000,0.0000000
0.0000000,0.0000000,0.0000000,0.0000000,0.0000000,0.0000000,0.0000007,0.9999989,0.0000003,0.0000000,0.0000000,0.0000000,0.0000000,0.0000000,0.0000000,0.0000000,0.0000000,0.0000000,0.0000000,0.0000000,0.0000000
0.0000000,0.0000000,0.0000000,0.0000000,0.0000000,0.0000000,0.0000701,0.9999299,0.0000000,0.0000000,0.0000000,0.0000000,0.0000000,0.0000000,0.0000000,0.0000000,0.0000000,0.0000000,0.0000000,0.0000000,0.0000000
0.0000000,0.0000000,0.0000000,0.0000000,0.0000000,0.0000000,0.0000101,0.9999899,0.0000000,0.0000000,0.0000000,0.0000000,0.0000000,0.0000000,0.0000000,0.0000000,0.0000000,0.0000000,0.0000000,0.0000000,0.0000000
0.0000000,0.0000000,0.0000000,0.0000000,0.0000000,0.0000000,0.0000000,0.9994586,0.0005414,0.0000000,0.0000000,0.0000000,0.0000000,0.0000000,0.0000000,0.0000000,0.0000000,0.0000000,0.0000000,0.0000000,0.0000000
0.0000000,0.0000000,0.0000000,0.0000000,0.0000000,0.0000000,0.0000000,0.9999751,0.0000249,0.0000000,0.0000000,0.0000000,0.0000000,0.0000000,0.0000000,0.0000000,0.0000000,0.0000000,0.0000000,0.0000000,0.0000000
0.0000000,0.0000000,0.0000000,0.0000000,0.0000000,0.0000000,0.0000070,0.9999929,0.0000000,0.0000000,0.0000000,0.0000000,0.0000000,0.0000000,0.0000000,0.0000000,0.0000000,0.0000000,0.0000000,0.0000000,0.0000000
0.0000000,0.0000000,0.0000000,0.0000000,0.0000000,0.0000000,0.0000026,0.9999973,0.0000001,0.0000000,0.0000000,0.0000000,0.0000000,0.0000000,0.0000000,0.0000000,0.0000000,0.0000000,0.0000000,0.0000000,0.0000000
0.0000000,0.0000000,0.0000000,0.0000000,0.0000000,0.0000000,0.0000000,0.9999953,0.0000047,0.0000000,0.0000000,0.0000000,0.0000000,0.0000000,0.0000000,0.0000000,0.0000000,0.0000000,0.0000000,0.0000000,0.0000000
0.0000000,0.0000000,0.0000000,0.0000000,0.0000000,0.0000000,0.0000000,0.9999909,0.0000091,0.0000000,0.0000000,0.0000000,0.0000000,0.0000000,0.0000000,0.0000000,0.0000000,0.0000000,0.0000000,0.0000000,0.0000000
0.0000000,0.0000000,0.0000000,0.0000000,0.0000000,0.0000000,0.0000001,0.9999965,0.0000034,0.0000000,0.0000000,0.0000000,0.0000000,0.0000000,0.0000000,0.0000000,0.0000000,0.0000000,0.0000000,0.0000000,0.0000000
0.0000000,0.0000000,0.0000000,0.0000000,0.0000000,0.0000000,0.0000070,0.9999930,0.0000000,0.0000000,0.0000000,0.0000000,0.0000000,0.0000000,0.0000000,0.0000000,0.0000000,0.0000000,0.0000000,0.0000000,0.0000000
0.0000000,0.0000000,0.0000000,0.0000000,0.0000000,0.0000000,0.0000002,0.9999986,0.0000012,0.0000000,0.0000000,0.0000000,0.0000000,0.0000000,0.0000000,0.0000000,0.0000000,0.0000000,0.0000000,0.0000000,0.0000000
0.0000000,0.0000000,0.0000000,0.0000000,0.0000000,0.0000000,0.0000001,0.9999983,0.0000015,0.0000000,0.0000000,0.0000000,0.0000000,0.0000000,0.0000000,0.0000000,0.0000000,0.0000000,0.0000000,0.0000000,0.0000000
0.0000000,0.0000000,0.0000000,0.0000000,0.0000000,0.0000000,0.0000007,0.9999989,0.0000003,0.0000000,0.0000000,0.0000000,0.0000000,0.0000000,0.0000000,0.0000000,0.0000000,0.0000000,0.0000000,0.0000000,0.0000000
0.0000000,0.0000000,0.0000000,0.0000000,0.0000000,0.0000000,0.0000092,0.9999908,0.0000000,0.0000000,0.0000000,0.0000000,0.0000000,0.0000000,0.0000000,0.0000000,0.0000000,0.0000000,0.0000000,0.0000000,0.0000000
0.0000000,0.0000000,0.0000000,0.0000000,0.0000000,0.0000000,0.0001268,0.9998732,0.0000000,0.0000000,0.0000000,0.0000000,0.0000000,0.0000000,0.0000000,0.0000000,0.0000000,0.0000000,0.0000000,0.0000000,0.0000000
0.0000000,0.0000000,0.0000000,0.0000000,0.0000000,0.0000000,0.0000000,0.9979419,0.0020581,0.0000000,0.0000000,0.0000000,0.0000000,0.0000000,0.0000000,0.0000000,0.0000000,0.0000000,0.0000000,0.0000000,0.0000000
0.0000000,0.0000000,0.0000000,0.0000000,0.0000000,0.0000000,0.0000000,0.9400913,0.0599087,0.0000000,0.0000000,0.0000000,0.0000000,0.0000000,0.0000000,0.0000000,0.0000000,0.0000000,0.0000000,0.0000000,0.0000000
0.0000000,0.0000000,0.0000000,0.0000000,0.0000000,0.0000000,0.0000008,0.9999989,0.0000003,0.0000000,0.0000000,0.0000000,0.0000000,0.0000000,0.0000000,0.0000000,0.0000000,0.0000000,0.0000000,0.0000000,0.0000000
0.0000000,0.0000000,0.0000000,0.0000000,0.0000000,0.0000000,0.0000286,0.9999713,0.0000000,0.0000000,0.0000000,0.0000000,0.0000000,0.0000000,0.0000000,0.0000000,0.0000000,0.0000000,0.0000000,0.0000000,0.0000000
0.0000000,0.0000000,0.0000000,0.0000000,0.0000000,0.0000000,0.0002281,0.9997719,0.0000000,0.0000000,0.0000000,0.0000000,0.0000000,0.0000000,0.0000000,0.0000000,0.0000000,0.0000000,0.0000000,0.0000000,0.0000000
0.0000000,0.0000000,0.0000000,0.0000000,0.0000000,0.0000000,0.0000009,0.9999988,0.0000003,0.0000000,0.0000000,0.0000000,0.0000000,0.0000000,0.0000000,0.0000000,0.0000000,0.0000000,0.0000000,0.0000000,0.0000000
0.0000000,0.0000000,0.0000000,0.0000000,0.0000000,0.0000000,0.0000000,0.9951207,0.0048793,0.0000000,0.0000000,0.0000000,0.0000000,0.0000000,0.0000000,0.0000000,0.0000000,0.0000000,0.0000000,0.0000000,0.0000000
0.0000000,0.0000000,0.0000000,0.0000000,0.0000000,0.0000000,0.0000025,0.9999974,0.0000001,0.0000000,0.0000000,0.0000000,0.0000000,0.0000000,0.0000000,0.0000000,0.0000000,0.0000000,0.0000000,0.0000000,0.0000000
0.0000000,0.0000000,0.0000000,0.0000000,0.0000000,0.0000000,0.0000001,0.9999975,0.0000024,0.0000000,0.0000000,0.0000000,0.0000000,0.0000000,0.0000000,0.0000000,0.0000000,0.0000000,0.0000000,0.0000000,0.0000000
0.0000000,0.0000000,0.0000000,0.0000000,0.0000000,0.0000000,0.0000105,0.9999895,0.0000000,0.0000000,0.0000000,0.0000000,0.0000000,0.0000000,0.0000000,0.0000000,0.0000000,0.0000000,0.0000000,0.0000000,0.0000000
0.0000000,0.0000000,0.0000000,0.0000000,0.0000000,0.0000000,0.0000031,0.9999968,0.0000001,0.0000000,0.0000000,0.0000000,0.0000000,0.0000000,0.0000000,0.0000000,0.0000000,0.0000000,0.0000000,0.0000000,0.0000000
0.0000000,0.0000000,0.0000000,0.0000000,0.0000000,0.0000000,0.0000007,0.9999989,0.0000003,0.0000000,0.0000000,0.0000000,0.0000000,0.0000000,0.0000000,0.0000000,0.0000000,0.0000000,0.0000000,0.0000000,0.0000000
0.0000000,0.0000000,0.0000000,0.0000000,0.0000000,0.0000000,0.0000000,0.9999769,0.0000231,0.0000000,0.0000000,0.0000000,0.0000000,0.0000000,0.0000000,0.0000000,0.0000000,0.0000000,0.0000000,0.0000000,0.0000000
0.0000000,0.0000000,0.0000000,0.0000000,0.0000000,0.0000000,0.0002751,0.9997249,0.0000000,0.0000000,0.0000000,0.0000000,0.0000000,0.0000000,0.0000000,0.0000000,0.0000000,0.0000000,0.0000000,0.0000000,0.0000000
0.0000000,0.0000000,0.0000000,0.0000000,0.0000000,0.0000000,0.0000000,0.9996005,0.0003995,0.0000000,0.0000000,0.0000000,0.0000000,0.0000000,0.0000000,0.0000000,0.0000000,0.0000000,0.0000000,0.0000000,0.0000000
0.0000000,0.0000000,0.0000000,0.0000000,0.0000000,0.0000000,0.0000003,0.9999989,0.0000007,0.0000000,0.0000000,0.0000000,0.0000000,0.0000000,0.0000000,0.0000000,0.0000000,0.0000000,0.0000000,0.0000000,0.0000000
0.0000000,0.0000000,0.0000000,0.0000000,0.0000000,0.0000000,0.0000000,0.9997683,0.0002317,0.0000000,0.0000000,0.0000000,0.0000000,0.0000000,0.0000000,0.0000000,0.0000000,0.0000000,0.0000000,0.0000000,0.0000000
0.0000000,0.0000000,0.0000000,0.0000000,0.0000000,0.0000000,0.0000023,0.9999976,0.0000001,0.0000000,0.0000000,0.0000000,0.0000000,0.0000000,0.0000000,0.0000000,0.0000000,0.0000000,0.0000000,0.0000000,0.0000000
0.0000000,0.0000000,0.0000000,0.0000000,0.0000000,0.0000000,0.0000000,0.9999316,0.0000684,0.0000000,0.0000000,0.0000000,0.0000000,0.0000000,0.0000000,0.0000000,0.0000000,0.0000000,0.0000000,0.0000000,0.0000000
0.0000000,0.0000000,0.0000000,0.0000000,0.0000000,0.0000000,0.0042824,0.9957176,0.0000000,0.0000000,0.0000000,0.0000000,0.0000000,0.0000000,0.0000000,0.0000000,0.0000000,0.0000000,0.0000000,0.0000000,0.0000000
0.0000000,0.0000000,0.0000000,0.0000000,0.0000000,0.0000000,0.0000000,0.9999690,0.0000310,0.0000000,0.0000000,0.0000000,0.0000000,0.0000000,0.0000000,0.0000000,0.0000000,0.0000000,0.0000000,0.0000000,0.0000000
0.0000000,0.0000000,0.0000000,0.0000000,0.0000000,0.0000000,0.0000616,0.9999384,0.0000000,0.0000000,0.0000000,0.0000000,0.0000000,0.0000000,0.0000000,0.0000000,0.0000000,0.0000000,0.0000000,0.0000000,0.0000000
0.0000000,0.0000000,0.0000000,0.0000000,0.0000000,0.0000000,0.0000000,0.9930888,0.0069112,0.0000000,0.0000000,0.0000000,0.0000000,0.0000000,0.0000000,0.0000000,0.0000000,0.0000000,0.0000000,0.0000000,0.0000000
0.0000000,0.0000000,0.0000000,0.0000000,0.0000000,0.0000000,0.0000000,0.3570826,0.6429174,0.0000000,0.0000000,0.0000000,0.0000000,0.0000000,0.0000000,0.0000000,0.0000000,0.0000000,0.0000000,0.0000000,0.0000000
0.0000000,0.0000000,0.0000000,0.0000000,0.0000000,0.0000000,0.0000000,0.9999867,0.0000133,0.0000000,0.0000000,0.0000000,0.0000000,0.0000000,0.0000000,0.0000000,0.0000000,0.0000000,0.0000000,0.0000000,0.0000000
0.0000000,0.0000000,0.0000000,0.0000000,0.0000000,0.0000000,0.0002153,0.9997847,0.0000000,0.0000000,0.0000000,0.0000000,0.0000000,0.0000000,0.0000000,0.0000000,0.0000000,0.0000000,0.0000000,0.0000000,0.0000000
0.0000000,0.0000000,0.0000000,0.0000000,0.0000000,0.0000000,0.0000000,0.9581223,0.0418777,0.0000000,0.0000000,0.0000000,0.0000000,0.0000000,0.0000000,0.0000000,0.0000000,0.0000000,0.0000000,0.0000000,0.0000000
0.0000000,0.0000000,0.0000000,0.0000000,0.0000000,0.0000000,0.0000000,0.9999804,0.0000196,0.0000000,0.0000000,0.0000000,0.0000000,0.0000000,0.0000000,0.0000000,0.0000000,0.0000000,0.0000000,0.0000000,0.0000000
0.0000000,0.0000000,0.0000000,0.0000000,0.0000000,0.0000000,0.0000303,0.9999697,0.0000000,0.0000000,0.0000000,0.0000000,0.0000000,0.0000000,0.0000000,0.0000000,0.0000000,0.0000000,0.0000000,0.0000000,0.0000000
0.0000000,0.0000000,0.0000000,0.0000000,0.0000000,0.0000000,0.0000000,0.9999945,0.0000055,0.0000000,0.0000000,0.0000000,0.0000000,0.0000000,0.0000000,0.0000000,0.0000000,0.0000000,0.0000000,0.0000000,0.0000000
0.0000000,0.0000000,0.0000000,0.0000000,0.0000000,0.0000000,0.0000045,0.9999954,0.0000001,0.0000000,0.0000000,0.0000000,0.0000000,0.0000000,0.0000000,0.0000000,0.0000000,0.0000000,0.0000000,0.0000000,0.0000000
0.0000000,0.0000000,0.0000000,0.0000000,0.0000000,0.0000000,0.0000000,0.9999768,0.0000231,0.0000000,0.0000000,0.0000000,0.0000000,0.0000000,0.0000000,0.0000000,0.0000000,0.0000000,0.0000000,0.0000000,0.0000000
0.0000000,0.0000000,0.0000000,0.0000000,0.0000000,0.0000000,0.0000000,0.9999879,0.0000121,0.0000000,0.0000000,0.0000000,0.0000000,0.0000000,0.0000000,0.0000000,0.0000000,0.0000000,0.0000000,0.0000000,0.0000000
0.0000000,0.0000000,0.0000000,0.0000000,0.0000000,0.0000000,0.0040765,0.9959235,0.0000000,0.0000000,0.0000000,0.0000000,0.0000000,0.0000000,0.0000000,0.0000000,0.0000000,0.0000000,0.0000000,0.0000000,0.0000000
0.0000000,0.0000000,0.0000000,0.0000000,0.0000000,0.0000000,0.0000001,0.9999973,0.0000026,0.0000000,0.0000000,0.0000000,0.0000000,0.0000000,0.0000000,0.0000000,0.0000000,0.0000000,0.0000000,0.0000000,0.0000000
0.0000000,0.0000000,0.0000000,0.0000000,0.0000000,0.0000000,0.0000000,0.9999838,0.0000162,0.0000000,0.0000000,0.0000000,0.0000000,0.0000000,0.0000000,0.0000000,0.0000000,0.0000000,0.0000000,0.0000000,0.0000000
0.0000000,0.0000000,0.0000000,0.0000000,0.0000000,0.0000000,0.0000000,0.9999525,0.0000475,0.0000000,0.0000000,0.0000000,0.0000000,0.0000000,0.0000000,0.0000000,0.0000000,0.0000000,0.0000000,0.0000000,0.0000000
0.0000000,0.0000000,0.0000000,0.0000000,0.0000000,0.0000000,0.0000000,0.7450408,0.2549592,0.0000000,0.0000000,0.0000000,0.0000000,0.0000000,0.0000000,0.0000000,0.0000000,0.0000000,0.0000000,0.0000000,0.0000000
0.0000000,0.0000000,0.0000000,0.0000000,0.0000000,0.0000000,0.0000000,0.9999775,0.0000225,0.0000000,0.0000000,0.0000000,0.0000000,0.0000000,0.0000000,0.0000000,0.0000000,0.0000000,0.0000000,0.0000000,0.0000000
0.0000000,0.0000000,0.0000000,0.0000000,0.0000000,0.0000000,0.0000000,0.9995799,0.0004201,0.0000000,0.0000000,0.0000000,0.0000000,0.0000000,0.0000000,0.0000000,0.0000000,0.0000000,0.0000000,0.0000000,0.0000000
0.0000000,0.0000000,0.0000000,0.0000000,0.0000000,0.0000000,0.0000749,0.9999251,0.0000000,0.0000000,0.0000000,0.0000000,0.0000000,0.0000000,0.0000000,0.0000000,0.0000000,0.0000000,0.0000000,0.0000000,0.0000000
0.0000000,0.0000000,0.0000000,0.0000000,0.0000000,0.0000000,0.0000000,0.9974753,0.0025247,0.0000000,0.0000000,0.0000000,0.0000000,0.0000000,0.0000000,0.0000000,0.0000000,0.0000000,0.0000000,0.0000000,0.0000000
0.0000000,0.0000000,0.0000000,0.0000000,0.0000000,0.0000000,0.0000018,0.9999980,0.0000001,0.0000000,0.0000000,0.0000000,0.0000000,0.0000000,0.0000000,0.0000000,0.0000000,0.0000000,0.0000000,0.0000000,0.0000000
0.0000000,0.0000000,0.0000000,0.0000000,0.0000000,0.0000000,0.0000000,0.9984240,0.0015760,0.0000000,0.0000000,0.0000000,0.0000000,0.0000000,0.0000000,0.0000000,0.0000000,0.0000000,0.0000000,0.0000000,0.0000000
0.0000000,0.0000000,0.0000000,0.0000000,0.0000000,0.0000000,0.0000000,0.9893701,0.0106299,0.0000000,0.0000000,0.0000000,0.0000000,0.0000000,0.0000000,0.0000000,0.0000000,0.0000000,0.0000000,0.0000000,0.0000000
0.0000000,0.0000000,0.0000000,0.0000000,0.0000000,0.0000000,0.0000000,0.9999924,0.0000076,0.0000000,0.0000000,0.0000000,0.0000000,0.0000000,0.0000000,0.0000000,0.0000000,0.0000000,0.0000000,0.0000000,0.0000000
0.0000000,0.0000000,0.0000000,0.0000000,0.0000000,0.0000000,0.0000047,0.9999952,0.0000001,0.0000000,0.0000000,0.0000000,0.0000000,0.0000000,0.0000000,0.0000000,0.0000000,0.0000000,0.0000000,0.0000000,0.0000000
0.0000000,0.0000000,0.0000000,0.0000000,0.0000000,0.0000000,0.0000000,0.9995600,0.0004400,0.0000000,0.0000000,0.0000000,0.0000000,0.0000000,0.0000000,0.0000000,0.0000000,0.0000000,0.0000000,0.0000000,0.0000000
0.0000000,0.0000000,0.0000000,0.0000000,0.0000000,0.0000000,0.0000033,0.9999966,0.0000001,0.0000000,0.0000000,0.0000000,0.0000000,0.0000000,0.0000000,0.0000000,0.0000000,0.0000000,0.0000000,0.0000000,0.0000000
0.0000000,0.0000000,0.0000000,0.0000000,0.0000000,0.0000000,0.0039637,0.9960363,0.0000000,0.0000000,0.0000000,0.0000000,0.0000000,0.0000000,0.0000000,0.0000000,0.0000000,0.0000000,0.0000000,0.0000000,0.0000000
0.0000000,0.0000000,0.0000000,0.0000000,0.0000000,0.0000000,0.0000116,0.9999884,0.0000000,0.0000000,0.0000000,0.0000000,0.0000000,0.0000000,0.0000000,0.0000000,0.0000000,0.0000000,0.0000000,0.0000000,0.0000000
0.0000000,0.0000000,0.0000000,0.0000000,0.0000000,0.0000000,0.0000003,0.9999989,0.0000008,0.0000000,0.0000000,0.0000000,0.0000000,0.0000000,0.0000000,0.0000000,0.0000000,0.0000000,0.0000000,0.0000000,0.0000000
0.0000000,0.0000000,0.0000000,0.0000000,0.0000000,0.0000000,0.0000014,0.9999984,0.0000002,0.0000000,0.0000000,0.0000000,0.0000000,0.0000000,0.0000000,0.0000000,0.0000000,0.0000000,0.0000000,0.0000000,0.0000000
0.0000000,0.0000000,0.0000000,0.0000000,0.0000000,0.0000000,0.0006739,0.9993261,0.0000000,0.0000000,0.0000000,0.0000000,0.0000000,0.0000000,0.0000000,0.0000000,0.0000000,0.0000000,0.0000000,0.0000000,0.0000000
0.0000000,0.0000000,0.0000000,0.0000000,0.0000000,0.0000000,0.0000001,0.9999979,0.0000020,0.0000000,0.0000000,0.0000000,0.0000000,0.0000000,0.0000000,0.0000000,0.0000000,0.0000000,0.0000000,0.0000000,0.0000000
0.0000000,0.0000000,0.0000000,0.0000000,0.0000000,0.0000000,0.0000943,0.9999057,0.0000000,0.0000000,0.0000000,0.0000000,0.0000000,0.0000000,0.0000000,0.0000000,0.0000000,0.0000000,0.0000000,0.0000000,0.0000000
0.0000000,0.0000000,0.0000000,0.0000000,0.0000000,0.0000000,0.0000000,0.9999818,0.0000182,0.0000000,0.0000000,0.0000000,0.0000000,0.0000000,0.0000000,0.0000000,0.0000000,0.0000000,0.0000000,0.0000000,0.0000000
0.0000000,0.0000000,0.0000000,0.0000000,0.0000000,0.0000000,0.0000000,0.9999901,0.0000099,0.0000000,0.0000000,0.0000000,0.0000000,0.0000000,0.0000000,0.0000000,0.0000000,0.0000000,0.0000000,0.0000000,0.0000000
0.0000000,0.0000000,0.0000000,0.0000000,0.0000000,0.0000000,0.0001458,0.9998542,0.0000000,0.0000000,0.0000000,0.0000000,0.0000000,0.0000000,0.0000000,0.0000000,0.0000000,0.0000000,0.0000000,0.0000000,0.0000000
0.0000000,0.0000000,0.0000000,0.0000000,0.0000000,0.0000000,0.0000000,0.9997616,0.0002384,0.0000000,0.0000000,0.0000000,0.0000000,0.0000000,0.0000000,0.0000000,0.0000000,0.0000000,0.0000000,0.0000000,0.0000000
0.0000000,0.0000000,0.0000000,0.0000000,0.0000000,0.0000000,0.0000000,0.9998645,0.0001355,0.0000000,0.0000000,0.0000000,0.0000000,0.0000000,0.0000000,0.0000000,0.0000000,0.0000000,0.0000000,0.0000000,0.0000000
0.0000000,0.0000000,0.0000000,0.0000000,0.0000000,0.0000000,0.0000025,0.9999974,0.0000001,0.0000000,0.0000000,0.0000000,0.0000000,0.0000000,0.0000000,0.0000000,0.0000000,0.0000000,0.0000000,0.0000000,0.0000000
0.0000000,0.0000000,0.0000000,0.0000000,0.0000000,0.0000000,0.0022031,0.9977969,0.0000000,0.0000000,0.0000000,0.0000000,0.0000000,0.0000000,0.0000000,0.0000000,0.0000000,0.0000000,0.0000000,0.0000000,0.0000000
0.0000000,0.0000000,0.0000000,0.0000000,0.0000000,0.0000000,0.0000021,0.9999977,0.0000001,0.0000000,0.0000000,0.0000000,0.0000000,0.0000000,0.0000000,0.0000000,0.0000000,0.0000000,0.0000000,0.0000000,0.0000000
0.0000000,0.0000000,0.0000000,0.0000000,0.0000000,0.0000000,0.0000020,0.9999979,0.0000001,0.0000000,0.0000000,0.0000000,0.0000000,0.0000000,0.0000000,0.0000000,0.0000000,0.0000000,0.0000000,0.0000000,0.0000000
0.0000000,0.0000000,0.0000000,0.0000000,0.0000000,0.0000000,0.0000243,0.9999756,0.0000000,0.0000000,0.0000000,0.0000000,0.0000000,0.0000000,0.0000000,0.0000000,0.0000000,0.0000000,0.0000000,0.0000000,0.0000000
